id,name,chapters,shots,versions,ready,failed,pending,fail_pct,tag,errors
"5896","新B线  仿真人 Scarred, Crowned, Unbroken （加冕不朽）","63","377","136","124","12","0","8.8","可采集",""
"1762","Star Goddess Returns","79","613","1880","1732","148","0","7.9","可采集",""
"1047","李思彤","1","1","0","0","0","0","0.0","有分镜无版本",""
"2255","新B线 仿真人 Antlerborn: Bride of the Jungle King 鹿冠新娘","66","491","1299","1198","101","0","7.8","可采集",""
"1874","致命新娘","82","620","2477","1986","491","0","19.8","可采集",""
"7572","侯攀","1","6","6","6","0","0","0.0","可采集",""
"6828","二期测试人设","1","9","62","57","5","0","8.1","可采集",""
"2235","张钰","5","17","126","73","53","0","42.1","失败率≥20%",""
"1010","《三龙王的祭品新娘》Three Dragons' Sacrificial Bride","62","472","922","882","40","0","4.3","可采集",""
"6815","E线 2D漫 《My Billionaire Cat 》（我的百万富豪猫）","51","51","0","0","0","0","0.0","有分镜无版本",""
"7018","袁颖","1","4","13","8","5","0","38.5","失败率≥20%",""
"2378","陈浩","1","2","31","27","4","0","12.9","可采集",""
"1009","《Everyone Wants Him, But He Only Texts Me Goodnight》","44","267","418","407","11","0","2.6","可采集",""
"3598","张铮伯","1","8","17","17","0","0","0.0","可采集",""
"3635","文帅","0","0","0","0","0","0","0.0","无分镜",""
"3620","李伟","0","0","0","0","0","0","0.0","无分镜",""
"3619","崔青洲","0","0","0","0","0","0","0.0","无分镜",""
"1929","F线 仿真人《我的心声，他全听得见》（He Hears Every Word I Don't Say）新任务","58","557","1416","1281","135","0","9.5","可采集",""
"1564","A类《My Late Husband Built Him For Me》","67","634","1303","1224","79","0","6.1","可采集",""
"1806","1","0","0","0","0","0","0","0.0","无分镜",""
"2408","赵宇","1","1","5","5","0","0","0.0","可采集",""
"1802","30s宣传片","1","4","11","6","5","0","45.5","失败率≥20%",""
"1289","徐凯艺","1","3","10","6","4","0","40.0","失败率≥20%",""
"2404","连紫康","1","1","9","9","0","0","0.0","可采集",""
"2405","孟雨欣","1","3","5","5","0","0","0.0","可采集",""
"2409","朱国恒","0","0","0","0","0","0","0.0","无分镜",""
"2403","金景烁","0","0","0","0","0","0","0.0","无分镜",""
"2394","李志义","0","0","0","0","0","0","0.0","无分镜",""
"2393","代艳菊","0","0","0","0","0","0","0.0","无分镜",""
"1886","E线仿真人 《失忆的亿万富豪在给我洗床单》 When My Houseboy Remembers, I Die","61","498","1236","1170","66","0","5.3","可采集",""
"1928","F线 仿真人《小三上门认亲，我掏出了亲子鉴定》（The Heir They Tried to Steal Was Mine All Along）","53","558","1153","974","179","0","15.5","可采集",""
"995","赵导","2","4","88","57","31","0","35.2","失败率≥20%",""
"2341","张琦","1","7","34","26","8","0","23.5","失败率≥20%",""
"1658","A类-仿真人《Crown of the Forsaken》《弃冕为王》","60","432","871","814","57","0","6.5","可采集",""
"1412","A线 仿真人 Burn the Bloodline","83","831","1431","1374","57","0","4.0","可采集",""
"1743","《宿命结契：特工与黑帮枭首》Fateful Covenant: Agent vs. Gangster","34","215","719","634","85","0","11.8","可采集",""
"2307","黄玮","2","8","32","28","4","0","12.5","可采集",""
"2080","家人让我当血奴，我选择嫁给龙王","3","22","53","47","6","0","11.3","可采集",""
"2305","高学睿","1","1","21","18","3","0","14.3","可采集",""
"1524","B线 仿真人 《The Villain's Vow》 （恶龙誓约）","64","521","949","900","49","0","5.2","可采集",""
"1618","B线赛璐珞少女漫《She Read My Ending》（她读过我的结局）","50","380","709","623","86","0","12.1","可采集",""
"2266","JJJ测试","1","2","2","2","0","0","0.0","可采集",""
"2031","自发行剧《风月且停停》","1","8","22","22","0","0","0.0","可采集",""
"2275","demo2","1","1","0","0","0","0","0.0","有分镜无版本",""
"2274","demo1","0","0","0","0","0","0","0.0","无分镜",""
"2272","JJJ测试－自由节点－无类型","1","1","0","0","0","0","0.0","有分镜无版本",""
"1216","《Bound to My Billionaire Betrothed》（与豪门未婚夫的命定之约）","45","276","594","547","47","0","7.9","可采集",""
"1283","《  E线 真人《Till Death, My Mafia King》（至死不渝，我的黑手党之王）》","75","570","1145","1005","140","0","12.2","可采集",""
"1756","B类 仿真人《I Saved a Mermaid—Then She Claimed Me 》（施救人鱼，被她认领）","60","69","91","80","11","0","12.1","可采集",""
"1397","B线-仿真人 《重生成为人鱼女王》  Reborn as the Tailless Mermaid Queen","67","563","1092","976","116","0","10.6","可采集",""
"1525","J线 《灰姑娘重生成为女帝》Cinderella Reborn as the Empress","53","467","909","843","66","0","7.3","可采集",""
"1411","A线 仿真人  Too Ugly For Him, Too Rich To Forgive (Mary 260617)","53","616","1037","988","49","0","4.7","可采集",""
"700","《Reborn as the Desert Queen》 （重生沙漠做女王）","18","639","1060","902","158","0","14.9","可采集",""
"699","Touch My Abs, Then Be Mine《摸了我的腹肌就得负责》","7","304","962","767","195","0","20.3","失败率≥20%",""
"2038","新B线 仿真人 双界花期 The Withered Queen Will Bloom Again","60","271","189","124","65","0","34.4","失败率≥20%",""
"1068","《Where the Giants Fall｜巨人陨落之地》","64","593","1383","988","395","0","28.6","失败率≥20%",""
"1948","眼镜店广告","1","12","53","41","12","0","22.6","失败率≥20%",""
"1366","A类-《I Hid His Baby for Five Years》","59","462","1035","944","91","0","8.8","可采集",""
"2017","天翼渠道测试","1","8","15","9","6","0","40.0","失败率≥20%",""
"2218","XAPEX渠道测试","1","3","7","4","3","0","42.9","失败率≥20%",""
"1882","海报","0","0","0","0","0","0","0.0","无分镜",""
"1228","测试API接口问题","3","5","11","6","5","0","45.5","失败率≥20%",""
"1985","李依洋","1","1","0","0","0","0","0.0","有分镜无版本",""
"1812","测试LBTV","1","2","21","14","7","0","33.3","失败率≥20%",""
"1140","蔡莹君","0","0","0","0","0","0","0.0","无分镜",""
"1694","B线 水果人 《女佣才是真千金》The Plum Maid Was the Real Heiress","60","60","0","0","0","0","0.0","有分镜无版本",""
"1659","A类 He Left His Pregnant Witch Wife to Die 《弃孕妻女巫，任她殒命》","0","0","0","0","0","0","0.0","无分镜",""
"1468","A类《Signed Under His Name》","2","15","28","25","3","0","10.7","可采集",""
"1175","《禁忌Omega与四个命定Alpha》 Four Alphas and Their Forbidden Omega","62","465","789","694","95","0","12.0","可采集",""
"1007","《Ten Years Gone, She's Carrying Another Man's Baby》","62","466","833","799","34","0","4.1","可采集",""
"1643","《保姆前五集》","1","1","0","0","0","0","0.0","有分镜无版本",""
"805","《I Made One Wish Too Many 多许一愿》","52","537","1115","1023","92","0","8.3","可采集",""
"1565","扬州学生练习精品项目","5","7","7","4","3","0","42.9","失败率≥20%",""
"926","小叔","2","24","42","36","6","0","14.3","可采集",""
"1238","《暴君的小月亮》Reborn to Wed the Cursed Tyran","30","30","0","0","0","0","0.0","有分镜无版本",""
"1237","E线《暴君的小月亮》Reborn to Wed the Cursed Tyran","0","0","0","0","0","0","0.0","无分镜",""
"964","测试二","2","14","6","5","1","0","16.7","可采集",""
"1053","薛佳钰","1","1","0","0","0","0","0.0","有分镜无版本",""
"997","测试4","1","1","0","0","0","0","0.0","有分镜无版本",""
"876","测试","1","2","3","3","0","0","0.0","可采集",""
"978","测试3","0","0","0","0","0","0","0.0","无分镜",""
"874","活人阴差","3","13","75","59","16","0","21.3","失败率≥20%",""
"697","《 Arando》 （阿兰多）","30","285","831","809","22","0","2.6","可采集",""
"830","《Taste of the Dragon: Shadow Chef's Awakening  龙之味:影子厨师的觉醒》","51","168","122","114","8","0","6.6","可采集",""
"698","《修罗邂逅：总裁爹地别追了》Encounter of Asura: Boss Daddy, Stop Chasing Me","35","293","853","799","54","0","6.3","可采集",""
"734","继承者：诅咒王朝","1","6","10","10","0","0","0.0","可采集",""